Employee ID,Employee Name,Age,Gender,Department,Job Role,Education Level,Marital Status,Location,Joining Date,Years at Company,Monthly Income,Performance Rating,Training Hours,Overtime Status,Work Mode,Job Satisfaction Score,Work-Life Balance Score,Promotion Last 2 Years,Absenteeism Rate,Attrition Status,Attrition Risk Level
EMP1001,Ayaan Sharma,39,Male,IT,System Analyst,Master's,Divorced,Chennai,2008-02-11,17.9,47790,4,4,Yes,Office,2,5,No,8.4,No,High
EMP1002,Divya Chopra,36,Female,Operations,Operations Manager,Master's,Single,Remote,2009-10-23,16.2,135785,3,19,Yes,Hybrid,1,1,No,5.4,Yes,High
EMP1003,Pari Verma,51,Male,Finance,Financial Analyst,Bachelor's,Divorced,Pune,2008-04-24,17.7,119800,4,8,Yes,Office,3,1,No,13.0,Yes,High
EMP1004,Ramesh Joshi,32,Female,HR,HR Executive,Bachelor's,Divorced,Chennai,2013-01-03,13.0,69862,4,31,Yes,Hybrid,3,5,Yes,4.9,No,Low
EMP1005,Vihaan Rao,24,Female,Finance,Accountant,Diploma,Divorced,Chennai,2019-08-09,6.4,155870,3,58,Yes,Office,2,5,No,11.2,Yes,High
EMP1006,Kiran Mehta,45,Male,IT,Data Analyst,Diploma,Single,Remote,2023-08-08,2.4,66938,4,54,No,Hybrid,4,5,No,7.9,No,Low
EMP1007,Aarav Reddy,56,Female,Customer Support,Support Team Lead,Diploma,Married,Mumbai,2016-10-22,9.2,94045,5,22,No,Office,3,5,No,2.3,No,Low
EMP1008,Divya Desai,22,Female,Finance,Financial Analyst,Diploma,Married,Remote,2009-10-23,16.2,87770,2,72,No,Office,4,1,No,8.0,Yes,Medium
EMP1009,Neha Pillai,32,Female,Operations,Logistics Coordinator,Bachelor's,Single,Pune,2010-10-23,15.2,77730,4,51,No,Remote,3,4,No,6.8,No,Low
EMP1010,Arjun Patel,23,Male,Operations,Operations Executive,High School,Divorced,Chennai,2024-08-08,1.4,42668,5,42,Yes,Office,3,4,Yes,2.0,No,Low
EMP1011,Meera Bose,52,Male,Customer Support,Support Team Lead,Master's,Single,Bengaluru,2023-11-26,2.1,137997,3,52,No,Remote,1,1,Yes,10.9,No,High
EMP1012,Reyansh Rao,34,Male,Operations,Operations Manager,Diploma,Single,Delhi,2016-08-09,9.4,44761,3,70,Yes,Remote,5,1,No,13.9,No,High
EMP1013,Ananya Chopra,53,Female,IT,Data Analyst,Master's,Single,Hyderabad,2025-10-19,0.2,127346,3,58,Yes,Remote,5,4,Yes,4.5,No,Low
EMP1014,Kiran Pillai,25,Female,Sales,Sales Executive,Bachelor's,Divorced,Remote,2015-04-23,10.7,39910,5,10,No,Office,5,1,No,3.5,Yes,Medium
EMP1015,Meera Rao,24,Male,Finance,Finance Manager,Bachelor's,Divorced,Delhi,2007-04-25,18.7,78545,4,40,Yes,Hybrid,2,3,No,13.9,No,High
EMP1016,Aarav Malhotra,58,Male,Sales,Account Manager,Bachelor's,Married,Mumbai,2007-04-25,18.7,43033,5,47,Yes,Hybrid,5,3,No,14.8,No,Medium
EMP1017,Aarav Pillai,41,Male,IT,IT Support,Diploma,Single,Chennai,2014-10-23,11.2,96394,3,26,No,Office,3,5,No,13.6,No,Low
EMP1018,Sai Chopra,39,Male,Sales,Sales Manager,Master's,Divorced,Delhi,2022-08-08,3.4,140824,4,54,No,Office,1,2,No,12.5,Yes,High
EMP1019,Ishaan Chopra,30,Male,HR,HR Manager,Master's,Single,Delhi,2021-08-08,4.4,90412,4,45,No,Hybrid,5,2,No,3.6,Yes,Medium
EMP1020,Diya Chopra,23,Male,Marketing,Marketing Manager,Master's,Married,Remote,2012-07-05,13.5,90055,3,13,No,Office,4,2,Yes,13.8,Yes,Medium
EMP1021,Myra Rao,23,Male,Finance,Accountant,Bachelor's,Single,Remote,2020-04-21,5.7,158537,3,68,Yes,Office,1,3,Yes,14.4,Yes,Medium
EMP1022,Reyansh Das,49,Female,Marketing,Marketing Manager,Bachelor's,Divorced,Bengaluru,2018-03-16,7.8,176149,3,5,No,Office,5,5,No,14.1,No,Low
EMP1023,Aadhya Joshi,49,Male,Marketing,Marketing Manager,Bachelor's,Divorced,Remote,2023-04-21,2.7,103727,4,52,Yes,Remote,3,5,Yes,6.3,No,Low
EMP1024,Diya Das,58,Female,Finance,Finance Manager,Master's,Married,Delhi,2021-08-08,4.4,177039,4,41,No,Hybrid,2,5,No,13.5,No,Medium
EMP1025,Ananya Gupta,40,Female,Sales,Sales Executive,Bachelor's,Single,Remote,2021-11-26,4.1,31402,1,60,No,Office,4,4,No,8.6,No,Medium
EMP1026,Vikram Kapoor,47,Male,IT,Software Engineer,Master's,Single,Remote,2017-05-28,8.6,71107,4,66,No,Remote,2,1,No,12.0,Yes,High
EMP1027,Shreya Das,42,Female,Operations,Logistics Coordinator,Master's,Married,Remote,2007-10-24,18.2,141893,5,60,No,Office,3,5,No,3.6,No,Low
EMP1028,Isha Rao,39,Female,HR,Recruiter,Diploma,Single,Mumbai,2018-03-16,7.8,65056,4,8,No,Hybrid,5,4,No,3.1,No,Low
EMP1029,Kiran Sharma,58,Female,Finance,Financial Analyst,Master's,Married,Remote,2018-02-08,7.9,134843,4,69,No,Office,4,2,No,7.3,No,Medium
EMP1030,Sanjay Nair,51,Male,Operations,Logistics Coordinator,High School,Married,Pune,2014-08-10,11.4,32104,2,54,Yes,Hybrid,2,1,No,4.9,Yes,High
EMP1031,Karan Mehta,39,Female,HR,HR Executive,Bachelor's,Divorced,Pune,2024-10-19,1.2,116740,3,8,No,Remote,1,1,No,3.0,Yes,Medium
EMP1032,Ishaan Rao,30,Female,Marketing,Marketing Executive,Bachelor's,Single,Hyderabad,2012-01-04,14.0,121703,3,77,No,Remote,1,2,No,1.6,Yes,High
EMP1033,Kavya Bose,46,Female,Marketing,Marketing Executive,Diploma,Divorced,Remote,2013-05-29,12.6,51712,4,38,No,Remote,1,5,No,5.2,No,Medium
EMP1034,Rahul Gupta,54,Female,Sales,Sales Manager,Master's,Single,Hyderabad,2006-10-24,19.2,145517,4,55,Yes,Remote,3,5,No,8.1,No,Medium
EMP1035,Manish Bose,39,Female,Customer Support,Support Executive,Master's,Single,Delhi,2008-04-24,17.7,88927,4,72,No,Hybrid,3,1,No,4.9,No,Medium
EMP1036,Amit Kumar,43,Female,Operations,Logistics Coordinator,Master's,Divorced,Bengaluru,2015-08-10,10.4,75084,2,52,No,Office,4,4,No,0.3,No,Low
EMP1037,Sanjay Rao,41,Female,Finance,Finance Manager,Bachelor's,Married,Chennai,2014-11-28,11.1,117225,4,34,Yes,Office,1,2,No,11.1,No,High
EMP1038,Diya Menon,35,Female,HR,Recruiter,Bachelor's,Divorced,Pune,2020-03-15,5.8,51352,4,37,Yes,Office,3,1,No,1.9,Yes,Medium
EMP1039,Vihaan Pillai,40,Male,Marketing,Marketing Manager,Diploma,Single,Pune,2020-03-15,5.8,150492,3,23,No,Hybrid,4,1,No,6.0,Yes,Medium
EMP1040,Vihaan Iyer,31,Female,Sales,Sales Executive,Diploma,Married,Pune,2014-01-03,12.0,84162,4,48,No,Hybrid,3,5,No,4.6,No,Low
EMP1041,Swati Reddy,35,Male,HR,Recruiter,Diploma,Single,Mumbai,2014-11-28,11.1,66034,1,57,No,Hybrid,3,1,Yes,10.6,No,Medium
EMP1042,Ramesh Gupta,36,Female,Customer Support,Support Executive,Bachelor's,Divorced,Mumbai,2013-01-03,13.0,94633,4,9,Yes,Hybrid,5,5,No,6.6,No,Low
EMP1043,Kavya Mehta,39,Female,Finance,Financial Analyst,Bachelor's,Married,Chennai,2019-05-28,6.6,90632,1,29,No,Remote,5,1,No,10.1,Yes,Medium
EMP1044,Aditya Nair,52,Female,HR,HR Executive,PhD,Married,Chennai,2009-09-17,16.3,48918,3,52,Yes,Remote,1,2,No,10.4,Yes,High
EMP1045,Sanjay Pillai,24,Female,Sales,Sales Manager,Bachelor's,Single,Remote,2017-10-22,8.2,159898,4,0,No,Remote,4,4,Yes,7.8,No,Low
EMP1046,Priya Malhotra,25,Male,HR,Recruiter,Diploma,Married,Hyderabad,2008-05-30,17.6,152064,2,80,No,Office,2,3,No,8.3,Yes,Medium
EMP1047,Ayaan Malhotra,29,Male,Finance,Finance Manager,Bachelor's,Divorced,Delhi,2017-08-09,8.4,151484,5,31,No,Office,4,2,No,7.6,No,Medium
EMP1048,Arjun Kumar,48,Female,Customer Support,Support Team Lead,Master's,Married,Chennai,2019-11-27,6.1,178862,4,62,No,Hybrid,5,4,No,8.3,No,Low
EMP1049,Ramesh Patel,34,Male,Operations,Operations Manager,Bachelor's,Married,Bengaluru,2019-07-04,6.5,148987,4,48,No,Remote,2,4,No,1.9,No,Medium
EMP1050,Karan Reddy,50,Male,Operations,Operations Manager,High School,Single,Hyderabad,2008-08-12,17.4,65464,2,33,Yes,Remote,4,1,No,12.8,No,High
EMP1051,Vikram Patel,53,Male,Operations,Operations Executive,Bachelor's,Divorced,Delhi,2006-02-11,19.9,48692,3,12,No,Remote,1,4,Yes,4.5,Yes,Low
EMP1052,Rohan Verma,40,Female,HR,HR Manager,Diploma,Divorced,Hyderabad,2014-08-10,11.4,72200,3,10,No,Hybrid,5,2,No,8.7,Yes,Medium
EMP1053,Pari Malhotra,38,Male,Customer Support,Support Team Lead,Master's,Divorced,Pune,2022-09-14,3.3,140796,5,75,Yes,Hybrid,3,4,No,3.0,No,Low
EMP1054,Neha Reddy,37,Female,Operations,Operations Manager,Bachelor's,Divorced,Delhi,2025-05-26,0.6,128758,3,72,No,Remote,1,5,No,12.5,No,Medium
EMP1055,Myra Das,44,Male,Marketing,Marketing Executive,Bachelor's,Divorced,Remote,2011-07-06,14.5,60855,4,80,No,Hybrid,4,1,No,11.0,Yes,Medium
EMP1056,Isha Patel,48,Male,IT,System Analyst,Master's,Married,Pune,2015-11-28,10.1,96441,4,32,No,Hybrid,3,3,No,7.0,Yes,Low
EMP1057,Myra Mehta,57,Female,Sales,Sales Manager,High School,Divorced,Bengaluru,2016-10-22,9.2,93724,4,47,Yes,Office,4,1,No,14.1,Yes,High
EMP1058,Swati Rao,26,Female,Marketing,Marketing Manager,Bachelor's,Single,Mumbai,2024-11-25,1.1,34754,3,63,Yes,Office,5,2,No,5.6,No,Medium
EMP1059,Divya Chopra,31,Female,Marketing,Marketing Executive,Master's,Divorced,Hyderabad,2007-03-19,18.8,98332,1,47,Yes,Hybrid,2,3,Yes,10.3,No,Medium
EMP1060,Amit Verma,47,Female,IT,Software Engineer,Master's,Married,Bengaluru,2012-09-16,13.3,30598,2,42,Yes,Office,5,2,Yes,11.5,Yes,High
EMP1061,Saanvi Rao,43,Male,Customer Support,Support Executive,Bachelor's,Single,Mumbai,2015-02-09,10.9,70743,2,3,Yes,Hybrid,2,5,No,2.6,Yes,Medium
EMP1062,Nikhil Desai,29,Male,Finance,Accountant,Master's,Divorced,Pune,2023-08-08,2.4,157078,3,78,Yes,Remote,5,3,No,14.5,Yes,Low
EMP1063,Neha Mehta,49,Male,Finance,Finance Manager,Master's,Single,Bengaluru,2019-05-28,6.6,63884,2,35,No,Remote,5,3,No,9.0,No,Low
EMP1064,Pooja Das,49,Male,Customer Support,Support Executive,Master's,Divorced,Remote,2014-11-28,11.1,81367,3,29,No,Hybrid,4,4,No,4.7,No,Low
EMP1065,Pari Joshi,31,Female,Sales,Sales Executive,Master's,Single,Hyderabad,2023-11-26,2.1,122687,4,71,Yes,Remote,5,3,No,6.2,No,Low
EMP1066,Manish Verma,40,Female,HR,HR Executive,Bachelor's,Single,Mumbai,2012-10-22,13.2,83784,4,44,No,Hybrid,1,3,No,12.1,No,Medium
EMP1067,Swati Das,57,Male,Operations,Logistics Coordinator,Master's,Married,Bengaluru,2022-03-15,3.8,105998,5,44,Yes,Office,5,4,Yes,11.1,No,Low
EMP1068,Sai Desai,35,Female,Finance,Accountant,Bachelor's,Married,Delhi,2011-07-06,14.5,173791,4,6,Yes,Remote,1,1,No,9.9,Yes,High
EMP1069,Suresh Chopra,39,Male,Customer Support,Support Executive,Bachelor's,Single,Delhi,2012-05-29,13.6,152567,4,39,Yes,Hybrid,5,1,Yes,4.5,Yes,Medium
EMP1070,Krishna Kumar,40,Female,Sales,Sales Executive,Bachelor's,Married,Mumbai,2023-03-16,2.8,164613,4,64,No,Remote,3,1,No,11.1,No,Medium
EMP1071,Ramesh Gupta,42,Female,Operations,Operations Manager,Master's,Married,Delhi,2023-07-03,2.5,30467,5,21,No,Remote,4,3,Yes,12.7,Yes,Low
EMP1072,Kiran Mehta,55,Male,Finance,Accountant,Master's,Single,Delhi,2010-05-30,15.6,45022,4,14,No,Office,3,3,No,12.3,No,Low
EMP1073,Anika Reddy,31,Female,IT,System Analyst,Bachelor's,Divorced,Bengaluru,2022-04-21,3.7,154529,3,72,No,Hybrid,5,5,No,14.6,No,Low
EMP1074,Suresh Gupta,52,Female,Marketing,Marketing Manager,Master's,Divorced,Bengaluru,2018-10-21,7.2,44448,3,57,Yes,Hybrid,3,1,No,14.7,Yes,High
EMP1075,Nisha Desai,46,Female,Operations,Logistics Coordinator,PhD,Divorced,Bengaluru,2016-11-27,9.1,174856,4,41,No,Remote,2,1,No,12.2,No,High
EMP1076,Sai Desai,33,Male,IT,Data Analyst,PhD,Divorced,Pune,2013-09-16,12.3,120393,3,36,No,Hybrid,5,1,No,9.7,Yes,Medium
EMP1077,Reyansh Pillai,46,Female,HR,Recruiter,Master's,Divorced,Remote,2022-10-20,3.2,46365,4,18,No,Hybrid,4,2,No,14.1,Yes,Medium
EMP1078,Vikram Patel,30,Male,Marketing,Content Specialist,Bachelor's,Married,Bengaluru,2018-08-09,7.4,72254,5,43,No,Hybrid,2,2,No,2.3,Yes,High
EMP1079,Reyansh Desai,56,Male,Marketing,Marketing Manager,Master's,Divorced,Mumbai,2014-01-03,12.0,65436,3,79,No,Office,4,1,No,10.1,Yes,Medium
EMP1080,Suresh Das,40,Female,IT,System Analyst,Bachelor's,Married,Remote,2022-01-01,4.0,174532,5,59,No,Hybrid,5,5,No,2.4,No,Low
EMP1081,Nisha Iyer,38,Male,Marketing,Marketing Manager,Master's,Divorced,Bengaluru,2011-09-17,14.3,160242,5,36,Yes,Office,3,4,No,2.2,No,Low
EMP1082,Myra Malhotra,44,Male,Finance,Financial Analyst,Bachelor's,Married,Mumbai,2018-03-16,7.8,46392,3,3,Yes,Office,3,2,Yes,4.3,No,Medium
EMP1083,Krishna Kapoor,50,Male,Sales,Sales Executive,Bachelor's,Single,Pune,2007-03-19,18.8,163352,3,36,Yes,Office,1,2,No,11.9,Yes,High
EMP1084,Ayaan Kapoor,56,Male,Marketing,Content Specialist,Bachelor's,Divorced,Mumbai,2020-01-02,6.0,25410,4,30,No,Office,1,5,No,1.0,No,Medium
EMP1085,Pooja Desai,57,Male,Finance,Accountant,High School,Married,Delhi,2020-10-20,5.2,29257,3,8,Yes,Remote,1,5,No,5.0,Yes,High
EMP1086,Divya Patel,33,Female,Marketing,Marketing Manager,Bachelor's,Single,Bengaluru,2011-08-11,14.4,144977,1,25,Yes,Office,1,3,No,7.7,No,Medium
EMP1087,Divya Kapoor,38,Male,Customer Support,Support Executive,Bachelor's,Single,Remote,2012-10-22,13.2,96622,2,47,No,Hybrid,4,4,No,2.8,No,Low
EMP1088,Rahul Desai,39,Male,Marketing,Marketing Manager,Diploma,Divorced,Remote,2022-03-15,3.8,102009,3,10,Yes,Hybrid,3,4,No,6.4,No,Low
EMP1089,Amit Malhotra,24,Female,Operations,Operations Manager,Bachelor's,Single,Bengaluru,2012-07-05,13.5,131485,3,20,No,Office,5,4,Yes,1.0,No,Low
EMP1090,Rahul Joshi,46,Male,Operations,Operations Executive,Bachelor's,Married,Delhi,2017-01-02,9.0,45155,4,67,No,Hybrid,3,2,No,0.4,Yes,Medium
EMP1091,Sneha Mehta,57,Male,HR,HR Manager,Master's,Single,Pune,2020-02-08,5.9,153765,3,17,No,Hybrid,2,4,No,12.2,No,Medium
EMP1092,Rohan Joshi,26,Female,HR,HR Executive,Master's,Divorced,Chennai,2022-05-27,3.6,119763,4,15,No,Office,2,4,Yes,8.3,Yes,Medium
EMP1093,Shreya Iyer,27,Male,HR,HR Manager,PhD,Divorced,Hyderabad,2015-05-29,10.6,132330,4,9,Yes,Hybrid,1,4,No,7.8,Yes,Medium
EMP1094,Shreya Bose,33,Male,Finance,Finance Manager,Master's,Single,Remote,2023-04-21,2.7,65112,3,20,Yes,Remote,2,3,No,7.8,Yes,Medium
EMP1095,Sai Kumar,34,Female,IT,IT Support,Bachelor's,Single,Pune,2013-02-09,12.9,177212,3,79,No,Remote,3,5,Yes,13.0,Yes,Low
EMP1096,Meera Kumar,35,Female,Operations,Logistics Coordinator,High School,Divorced,Pune,2020-02-08,5.9,104192,3,51,Yes,Office,1,2,No,7.3,Yes,High
EMP1097,Nisha Iyer,42,Female,Marketing,Marketing Manager,PhD,Single,Remote,2018-07-04,7.5,172233,2,30,No,Hybrid,4,2,Yes,0.8,No,Low
EMP1098,Swati Chopra,37,Male,Customer Support,Support Team Lead,Master's,Divorced,Delhi,2022-01-01,4.0,66770,3,65,No,Hybrid,4,1,Yes,5.9,No,Low
EMP1099,Anika Menon,44,Male,Sales,Sales Manager,Bachelor's,Divorced,Chennai,2016-07-04,9.5,165690,1,13,No,Hybrid,3,4,No,6.0,No,Low
EMP1100,Aadhya Joshi,57,Female,Sales,Sales Manager,Bachelor's,Divorced,Delhi,2009-07-06,16.5,56145,2,12,No,Hybrid,5,3,No,3.0,No,Low
EMP1101,Pooja Verma,24,Male,IT,IT Support,Master's,Divorced,Hyderabad,2022-11-26,3.1,160136,2,78,Yes,Hybrid,5,3,No,7.6,No,Low
EMP1102,Priya Bose,41,Female,Customer Support,Support Executive,Bachelor's,Divorced,Bengaluru,2006-05-31,19.6,178014,3,80,Yes,Hybrid,3,5,No,10.8,No,Medium
EMP1103,Ananya Desai,46,Male,Customer Support,Support Executive,High School,Divorced,Bengaluru,2022-01-01,4.0,140615,3,19,No,Office,4,5,No,13.8,No,Low
EMP1104,Vihaan Iyer,55,Male,Operations,Operations Manager,PhD,Married,Pune,2018-04-22,7.7,70398,3,68,Yes,Hybrid,3,5,No,14.4,Yes,Medium
EMP1105,Kavya Rao,41,Female,Marketing,Marketing Executive,Bachelor's,Married,Delhi,2016-04-22,9.7,171928,5,35,Yes,Remote,5,4,No,5.9,No,Low
EMP1106,Ishaan Singh,24,Female,Marketing,Marketing Executive,Bachelor's,Married,Chennai,2020-09-14,5.3,150587,3,68,Yes,Remote,3,2,Yes,11.1,Yes,Medium
EMP1107,Vihaan Desai,36,Male,Sales,Sales Executive,Bachelor's,Divorced,Hyderabad,2023-10-20,2.2,61036,1,70,No,Office,4,4,No,3.0,No,Low
EMP1108,Rohan Singh,25,Male,Marketing,Content Specialist,Bachelor's,Divorced,Chennai,2009-01-04,17.0,34777,5,22,No,Office,1,4,No,2.8,No,Medium
EMP1109,Isha Verma,22,Female,Operations,Logistics Coordinator,Diploma,Married,Delhi,2016-10-22,9.2,167422,4,17,No,Hybrid,3,2,No,5.0,No,Medium
EMP1110,Pari Nair,22,Female,Customer Support,Support Team Lead,Bachelor's,Single,Mumbai,2013-09-16,12.3,131296,4,65,Yes,Hybrid,1,2,No,7.2,No,High
EMP1111,Aarav Kumar,46,Male,Finance,Accountant,PhD,Married,Pune,2011-07-06,14.5,27997,3,46,No,Office,1,4,No,6.1,No,Medium
EMP1112,Kavya Reddy,40,Female,Operations,Operations Executive,Bachelor's,Single,Hyderabad,2022-10-20,3.2,122943,3,70,No,Remote,2,2,No,8.9,No,High
EMP1113,Sneha Malhotra,55,Female,Sales,Account Manager,Diploma,Divorced,Pune,2021-10-20,4.2,165682,2,41,No,Hybrid,1,2,No,7.3,No,High
EMP1114,Suresh Verma,51,Male,Operations,Operations Manager,Bachelor's,Single,Pune,2016-08-09,9.4,105784,4,50,Yes,Office,2,5,Yes,6.4,No,Medium
EMP1115,Divya Verma,26,Female,Sales,Sales Manager,Bachelor's,Single,Remote,2013-02-09,12.9,135195,3,48,No,Hybrid,4,1,No,9.9,No,Medium
EMP1116,Amit Reddy,33,Female,Operations,Operations Executive,Master's,Single,Remote,2025-09-13,0.3,30959,5,59,No,Remote,4,5,No,3.4,No,Low
EMP1117,Ishaan Kumar,34,Male,Sales,Account Manager,Bachelor's,Single,Mumbai,2021-09-14,4.3,51449,4,57,No,Remote,1,2,No,6.0,Yes,High
EMP1118,Saanvi Verma,30,Female,IT,IT Support,Bachelor's,Divorced,Remote,2019-07-04,6.5,104105,5,66,Yes,Hybrid,3,1,No,8.9,No,High
EMP1119,Diya Chopra,57,Female,Sales,Sales Manager,Master's,Divorced,Hyderabad,2010-03-18,15.8,108554,4,52,Yes,Hybrid,2,5,No,12.7,Yes,High
EMP1120,Ishaan Malhotra,25,Female,Finance,Finance Manager,Bachelor's,Married,Mumbai,2020-10-20,5.2,111576,4,57,No,Office,5,2,Yes,5.7,No,Low
EMP1121,Aditya Gupta,34,Male,Finance,Financial Analyst,Master's,Married,Delhi,2006-11-30,19.1,29019,3,24,No,Office,4,2,No,10.6,Yes,High
EMP1122,Anika Pillai,42,Female,Finance,Accountant,Bachelor's,Married,Delhi,2020-08-08,5.4,159431,5,59,Yes,Remote,4,3,No,5.6,No,Low
EMP1123,Meera Rao,31,Male,HR,Recruiter,Master's,Divorced,Chennai,2017-07-04,8.5,64953,3,29,No,Office,4,5,No,10.3,Yes,Low
EMP1124,Priya Kapoor,51,Male,Marketing,Marketing Manager,Diploma,Divorced,Pune,2016-02-09,9.9,167117,5,7,No,Office,1,1,No,12.6,Yes,High
EMP1125,Ishaan Sharma,35,Female,HR,HR Executive,Bachelor's,Divorced,Pune,2007-09-18,18.3,152888,1,68,No,Office,1,5,No,8.0,Yes,Medium
EMP1126,Pooja Chopra,33,Male,Sales,Account Manager,Diploma,Single,Pune,2015-05-29,10.6,117914,3,50,Yes,Hybrid,4,5,Yes,10.5,No,Low
EMP1127,Sai Verma,27,Female,Finance,Accountant,Bachelor's,Single,Chennai,2025-08-07,0.4,69927,2,55,No,Hybrid,5,1,No,13.8,Yes,Medium
EMP1128,Meera Kapoor,39,Male,Sales,Account Manager,Master's,Divorced,Pune,2012-10-22,13.2,72016,5,40,Yes,Office,5,2,No,10.7,Yes,High
EMP1129,Arjun Singh,32,Male,Operations,Operations Manager,Bachelor's,Divorced,Delhi,2018-03-16,7.8,61687,4,10,No,Hybrid,1,1,No,12.6,Yes,High
EMP1130,Swati Das,47,Female,Sales,Account Manager,Bachelor's,Married,Hyderabad,2021-04-21,4.7,169975,5,55,Yes,Remote,4,1,No,4.4,Yes,Medium
EMP1131,Arjun Gupta,39,Male,Finance,Finance Manager,Master's,Single,Chennai,2018-02-08,7.9,119555,2,0,No,Hybrid,3,3,Yes,1.3,No,Low
EMP1132,Shreya Pillai,54,Female,Sales,Sales Executive,Diploma,Divorced,Bengaluru,2014-01-03,12.0,110047,5,1,Yes,Hybrid,1,5,No,14.7,Yes,High
EMP1133,Ananya Mehta,32,Male,HR,HR Manager,Bachelor's,Single,Bengaluru,2022-07-03,3.5,97341,3,61,No,Hybrid,3,2,No,7.4,No,Medium
EMP1134,Ramesh Reddy,30,Female,Sales,Sales Manager,Bachelor's,Divorced,Hyderabad,2009-11-29,16.1,111387,3,55,No,Remote,5,2,No,9.0,No,Medium
EMP1135,Neha Patel,33,Female,HR,HR Manager,Master's,Divorced,Hyderabad,2006-08-13,19.4,88550,3,35,No,Hybrid,3,1,No,3.0,No,Medium
EMP1136,Diya Pillai,23,Female,Marketing,Marketing Executive,Bachelor's,Married,Remote,2012-02-10,13.9,132254,4,17,No,Office,3,2,No,11.8,Yes,Medium
EMP1137,Nisha Kapoor,47,Female,Operations,Operations Executive,Master's,Married,Chennai,2008-02-11,17.9,165746,4,10,Yes,Office,3,2,No,0.7,No,Medium
EMP1138,Sanjay Patel,49,Male,Sales,Sales Executive,Bachelor's,Divorced,Chennai,2015-07-05,10.5,177179,4,28,No,Hybrid,4,5,No,2.3,No,Low
EMP1139,Neha Reddy,40,Female,Sales,Sales Executive,Master's,Divorced,Mumbai,2018-11-27,7.1,114932,3,26,No,Hybrid,4,1,No,10.5,Yes,Medium
EMP1140,Kavya Verma,29,Male,Customer Support,Support Team Lead,Bachelor's,Divorced,Remote,2022-07-03,3.5,88940,4,70,Yes,Remote,4,4,Yes,6.1,No,Low
EMP1141,Manish Mehta,23,Male,Finance,Finance Manager,Bachelor's,Single,Chennai,2021-07-03,4.5,97966,4,8,No,Remote,2,3,No,6.9,Yes,Medium
EMP1142,Priya Desai,42,Female,Operations,Operations Manager,Bachelor's,Married,Delhi,2009-02-10,16.9,70227,4,38,No,Remote,1,2,No,3.6,Yes,High
EMP1143,Rahul Iyer,54,Female,Finance,Finance Manager,Diploma,Married,Hyderabad,2022-02-07,3.9,165870,4,22,No,Hybrid,3,2,Yes,12.6,No,Medium
EMP1144,Amit Sharma,53,Male,IT,Data Analyst,PhD,Divorced,Chennai,2016-01-03,10.0,153902,3,56,No,Office,5,1,No,3.3,Yes,Medium
EMP1145,Myra Pillai,40,Male,Customer Support,Support Team Lead,Bachelor's,Married,Pune,2015-09-16,10.3,175133,2,69,No,Hybrid,5,1,No,6.6,Yes,Medium
EMP1146,Manish Reddy,37,Female,Customer Support,Support Executive,Bachelor's,Married,Remote,2009-08-12,16.4,140099,5,15,No,Office,2,5,No,12.9,No,Medium
EMP1147,Manish Nair,30,Male,Customer Support,Support Executive,Master's,Divorced,Delhi,2015-04-23,10.7,166234,3,37,Yes,Hybrid,5,1,Yes,11.3,Yes,Medium
EMP1148,Vihaan Kumar,30,Male,IT,System Analyst,Master's,Single,Remote,2009-02-10,16.9,127944,3,73,No,Remote,4,4,No,9.5,No,Low
EMP1149,Sai Mehta,54,Female,Marketing,Marketing Manager,Bachelor's,Married,Delhi,2014-04-23,11.7,49416,4,58,No,Remote,3,1,No,6.0,No,Medium
EMP1150,Saanvi Kapoor,39,Female,Customer Support,Support Team Lead,Bachelor's,Divorced,Mumbai,2014-08-10,11.4,152228,4,6,Yes,Remote,4,1,Yes,12.9,Yes,Medium
